{
    "modelFamily": "Faster R-CNN",
    "modelInputs": "image",
    "modelOutputs": "detection",
    "models": [
        {
            "modelKey": "fasterrcnn-resnet50-fpn",
            "modelName": "Faster R-CNN ResNet-50-FPN"
        },
        {
            "modelKey": "fasterrcnn-resnet50-fpn-v2",
            "modelName": "Faster R-CNN ResNet-50-FPN v2"
        },
        {
            "modelKey": "fasterrcnn-mobilenet-v3-large-fpn",
            "modelName": "Faster R-CNN MobileNetV3-Large-FPN"
        },
        {
            "modelKey": "fasterrcnn-mobilenet-v3-large-320-fpn",
            "modelName": "Faster R-CNN MobileNetV3-Large-320-FPN"
        }
    ],
    "description": "Faster R-CNN is an object detection framework that integrates a Region Proposal Network (RPN) with Fast R-CNN, significantly speeding up the detection process. The RPN generates region proposals which are then refined by Fast R-CNN for accurate object detection.",
    "trainingFramework": "PyTorch",
    "supportedRuntimes": [
        "PyTorch",
        "ONNX",
        "OpenVINO",
        "TensorRT"
    ],
    "benchmarkDatasets": [
        "COCO",
        "PASCAL VOC"
    ],
    "supportedMetrics": [
        "mAP",
        "precision",
        "recall",
        "f1_score",
        "AP@50"
    ],
    "pruningSupport": false,
    "codeRepository": "https://github.com/pytorch/vision/blob/main/torchvision/models/detection/faster_rcnn.py",
    "trainingDockerContainer": [
        "285699223019.dkr.ecr.us-west-2.amazonaws.com/pytorch-vision-coco:latest"
    ],
    "dataProcessing": {
        "inputFormat": "COCO",
        "dataLoaderClassDefinition": "null",
        "dataLoaderCallSignature": "DataLoader(source_path, dest_path, **kwargs)"
    },
    "references": [
        "https://arxiv.org/abs/1506.01497",
        "https://arxiv.org/abs/1909.11739"
    ],
    "isPrivate": false
}