{
    "modelKey": "fasterrcnn-mobilenet-v3-large-320-fpn",
    "modelName": "Faster R-CNN MobileNetV3-Large-320-FPN",
    "_idModelFamily": "Faster R-CNN",
    "paramsMillions": 20.7,
    "supportedRuntimes": [
        "PyTorch",
        "ONNX",
        "OpenVINO",
        "TensorRT"
    ],
    "recommendedRuntime": [
        "PyTorch"
    ],
    "benchmarkResults": [
        {
            "benchmarkDataset": "COCO",
            "metric": "AP@50",
            "value": 29.4,
            "splitType": "val"
        }
    ],
    "runtimeResults": [
        {
            "runtime": "PyTorch",
            "latency": 20,
            "batchSize": 1,
            "computeInstance": "AWS p3.2xlarge",
            "computeType": "GPU",
            "CPUType": "null",
            "numCPUCores": -1,
            "memory": -1,
            "GPUType": "V100",
            "numGPU": 1
        }
    ]
}