{
    "modelKey": "fasterrcnn-resnet50-fpn-v2",
    "modelName": "Faster R-CNN ResNet-50-FPN v2",
    "_idModelFamily": "Faster R-CNN",
    "paramsMillions": 44.7,
    "supportedRuntimes": [
        "PyTorch",
        "ONNX",
        "OpenVINO",
        "TensorRT"
    ],
    "recommendedRuntime": [
        "PyTorch"
    ],
    "benchmarkResults": [
        {
            "benchmarkDataset": "COCO",
            "metric": "AP@50",
            "value": 38.0,
            "splitType": "val"
        }
    ],
    "runtimeResults": [
        {
            "runtime": "PyTorch",
            "latency": 30,
            "batchSize": 1,
            "computeInstance": "AWS p3.2xlarge",
            "computeType": "GPU",
            "CPUType": "null",
            "numCPUCores": -1,
            "memory": -1,
            "GPUType": "V100",
            "numGPU": 1
        }
    ]
}