{
    "actionType": "train_model",
    "actionConfig": [
        {
            "modelIds": [
                "all"
            ],
            "keyName": "batch_size",
            "valueType": "int32",
            "defaultValue": 1,
            "predefinedValues": [
                1,
                2,
                4,
                8,
                16
            ],
            "minValue": 1,
            "maxValue": 64,
            "anyValue": true,
            "hyperparameter": true
        },
        {
            "modelIds": [
                "all"
            ],
            "keyName": "epochs",
            "valueType": "int32",
            "defaultValue": 50,
            "predefinedValues": [
                10,
                20,
                30,
                40,
                50,
                60,
                70,
                80,
                90,
                100
            ],
            "minValue": 10,
            "maxValue": 200,
            "anyValue": true,
            "hyperparameter": true
        },
        {
            "modelIds": [
                "all"
            ],
            "keyName": "learning_rate",
            "valueType": "float32",
            "defaultValue": 0.001,
            "predefinedValues": [
                1e-05,
                0.0001,
                0.001,
                0.01,
                0.1
            ],
            "minValue": 1e-05,
            "maxValue": 0.1,
            "anyValue": true,
            "hyperparameter": true
        },
        {
            "modelIds": [
                "all"
            ],
            "keyName": "momentum",
            "valueType": "float32",
            "defaultValue": 0.9,
            "predefinedValues": [
                0.8,
                0.85,
                0.9,
                0.95,
                0.99
            ],
            "minValue": 0.5,
            "maxValue": 0.99,
            "anyValue": true,
            "hyperparameter": true
        },
        {
            "modelIds": [
                "all"
            ],
            "keyName": "weight_decay",
            "valueType": "float64",
            "defaultValue": 0.0005,
            "predefinedValues": [
                0.0001,
                0.0005,
                0.001
            ],
            "minValue": 0,
            "maxValue": 0.1,
            "anyValue": true,
            "hyperparameter": true
        },
        {
            "modelIds": [
                "all"
            ],
            "keyName": "optimizer",
            "valueType": "string",
            "defaultValue": "SGD",
            "predefinedValues": [
                "SGD",
                "Adam",
                "RMSprop"
            ],
            "minValue": 0,
            "maxValue": 0,
            "anyValue": false,
            "hyperparameter": true
        },
        {
            "modelIds": [
                "all"
            ],
            "keyName": "lr_scheduler",
            "valueType": "string",
            "defaultValue": "StepLR",
            "predefinedValues": [
                "StepLR",
                "CosineAnnealingLR",
                "ExponentialLR"
            ],
            "minValue": 0,
            "maxValue": 0,
            "anyValue": false,
            "hyperparameter": true
        },
        {
            "modelIds": [
                "all"
            ],
            "keyName": "lr_step_size",
            "valueType": "int32",
            "defaultValue": 7,
            "predefinedValues": [
                5,
                7,
                10,
                15,
                20
            ],
            "minValue": 1,
            "maxValue": 50,
            "anyValue": true,
            "hyperparameter": true
        },
        {
            "modelIds": [
                "all"
            ],
            "keyName": "lr_gamma",
            "valueType": "float32",
            "defaultValue": 0.1,
            "predefinedValues": [
                0.1,
                0.2,
                0.5,
                0.9
            ],
            "minValue": 0.01,
            "maxValue": 1.0,
            "anyValue": true,
            "hyperparameter": true
        }
    ],
    "isPrivateDocker": false,
    "dockerInformation": {
        "accessKey": "",
        "secretKey": "",
        "region": ""
    },
    "dockerContainerForAction": {
        "dockerContainer": "285699223019.dkr.ecr.us-west-2.amazonaws.com/dev-object-detection:latest",
        "isGpuRequired": true,
        "cpuType": ""
    },
    "dockerContainerForEvaluation": {
        "dockerContainer": "285699223019.dkr.ecr.us-west-2.amazonaws.com/dev-object-detection:latest",
        "isGpuRequired": true,
        "cpuType": ""
    }
}