{
    "modelKey": "RN50x64",
    "modelName": "RN50x64",
    "paramsMillions": 1640.0,
    "supportedRuntimes": [
        "PyTorch"
    ],
    "recommendedRuntime": [
        "PyTorch"
    ],
    "benchmarkResults": [
        {
            "benchmarkDataset": "ImageNet",
            "metric": "acc@1",
            "value": 73.6,
            "splitType": "test"
        }
    ],
    "runtimeResults": [
        {
            "runtime": "PyTorch",
            "latency": 59.8,
            "batchSize": 1,
            "computeInstance": "",
            "computeType": "GPU",
            "CPUType": "null",
            "numCPUCores": -1,
            "memory": -1,
            "GPUType": "A100",
            "numGPU": 1
        }
    ]
}