{
    "modelKey": "ViT-B16",
    "modelName": "ViT-B/16",
    "paramsMillions": 86.6,
    "supportedRuntimes": [
        "PyTorch"
    ],
    "recommendedRuntime": [
        "PyTorch"
    ],
    "benchmarkResults": [
        {
            "benchmarkDataset": "ImageNet",
            "metric": "acc@1",
            "value": 68.6,
            "splitType": "test"
        }
    ],
    "runtimeResults": [
        {
            "runtime": "PyTorch",
            "latency": 6.5,
            "batchSize": 1,
            "computeInstance": "",
            "computeType": "GPU",
            "CPUType": "null",
            "numCPUCores": -1,
            "memory": -1,
            "GPUType": "A100",
            "numGPU": 1
        }
    ]
}