{
    "modelFamily": "VGG",
    "modelInputs": "image",
    "modelOutputs": "classification",
    "models": [
        {
            "modelKey": "vgg11",
            "modelName": "VGG11"
        },
        {
            "modelKey": "vgg11_bn",
            "modelName": "VGG11 with Batch Normalization"
        },
        {
            "modelKey": "vgg13",
            "modelName": "VGG13"
        },
        {
            "modelKey": "vgg13_bn",
            "modelName": "VGG13 with Batch Normalization"
        },
        {
            "modelKey": "vgg16",
            "modelName": "VGG16"
        },
        {
            "modelKey": "vgg16_bn",
            "modelName": "VGG16 with Batch Normalization"
        },
        {
            "modelKey": "vgg19",
            "modelName": "VGG19"
        },
        {
            "modelKey": "vgg19_bn",
            "modelName": "VGG19 with Batch Normalization"
        }
    ],
    "description": "VGG (Visual Geometry Group) is a deep convolutional neural network architecture\n                    that was a finalist in the ImageNet Large Scale Visual Recognition Challenge (ILSVRC)\n                    in 2014. It is characterized by its simplicity and the repeated use of small\n                    convolutional filters.",
    "trainingFramework": "PyTorch",
    "supportedRuntimes": [
        "PyTorch",
        "TensorFlow",
        "ONNX",
        "OpenVINO"
    ],
    "benchmarkDatasets": [
        "ImageNet"
    ],
    "supportedMetrics": [
        "acc@1",
        "acc@5",
        "f1_score",
        "recall",
        "precision",
        "specificity"
    ],
    "pruningSupport": true,
    "codeRepository": "https://github.com/pytorch/vision/blob/main/torchvision/models/vgg.py",
    "trainingDockerContainer": [
        "pytorch/pytorch"
    ],
    "dataProcessing": {
        "inputFormat": "ImageNet",
        "dataLoaderClassDefinition": "null",
        "dataLoaderCallSignature": "DataLoader(source_path, dest_path, **kwargs)"
    },
    "references": [
        "https://arxiv.org/abs/1409.1556"
    ],
    "isPrivate": false,
    "projectId": ""
}