{
    "modelKey": "vgg13_bn",
    "modelName": "VGG13 with Batch Normalization",
    "paramsMillions": 133.1,
    "supportedRuntimes": [
        "PyTorch",
        "ONNX",
        "OpenVINO"
    ],
    "recommendedRuntime": [
        ""
    ],
    "benchmarkResults": [
        {
            "benchmarkDataset": "ImageNet",
            "metric": "acc@1",
            "value": 71.586,
            "splitType": "test"
        },
        {
            "benchmarkDataset": "ImageNet",
            "metric": "acc@5",
            "value": 90.374,
            "splitType": "test"
        }
    ],
    "runtimeResults": []
}