{
    "modelKey": "vgg11_bn",
    "modelName": "VGG11 with Batch Normalization",
    "paramsMillions": 132.9,
    "supportedRuntimes": [
        "PyTorch",
        "ONNX",
        "OpenVINO"
    ],
    "recommendedRuntime": [
        ""
    ],
    "benchmarkResults": [
        {
            "benchmarkDataset": "ImageNet",
            "metric": "acc@1",
            "value": 70.37,
            "splitType": "test"
        },
        {
            "benchmarkDataset": "ImageNet",
            "metric": "acc@5",
            "value": 89.81,
            "splitType": "test"
        }
    ],
    "runtimeResults": []
}