{
    "modelFamily": "Segment Anything Model (SAM)",
    "modelInputs": "image",
    "modelOutputs": "segmentation",
    "models": [
        {
            "modelKey": "SAM-ViT-H",
            "modelName": "Segment Anything Model (SAM) - ViT-H"
        },
        {
            "modelKey": "SAM-ViT-L",
            "modelName": "Segment Anything Model (SAM) - ViT-L"
        },
        {
            "modelKey": "SAM-ViT-B",
            "modelName": "Segment Anything Model (SAM) - ViT-B"
        }
    ],
    "description": "The Segment Anything Model (SAM) is a highly versatile and generalizable image segmentation model developed by Meta AI. It is designed to handle a wide range of segmentation tasks with minimal task-specific fine-tuning, enabling interactive and automatic segmentation capabilities.",
    "trainingFramework": "PyTorch",
    "supportedRuntimes": [
        "PyTorch"
    ],
    "benchmarkDatasets": [
        "COCO",
        "ADE20K"
    ],
    "supportedMetrics": [
        "mAP",
        "mIoU",
        "AP@50",
        "AP@75",
        "mAP@50",
        "mAP@75"
    ],
    "pruningSupport": false,
    "codeRepository": "https://github.com/facebookresearch/segment-anything",
    "trainingDockerContainer": [
        "285699223019.dkr.ecr.us-west-2.amazonaws.com/dev-ml-assisted-annotation:latest"
    ],
    "dataProcessing": {
        "inputFormat": "image",
        "dataLoaderClassDefinition": "null",
        "dataLoaderCallSignature": "DataLoader(source_path, dest_path, **kwargs)"
    },
    "references": [
        "https://arxiv.org/abs/2304.02643"
    ],
    "isPrivate": false
}