{
    "modelKey": "SAM-ViT-B",
    "modelName": "Segment Anything Model (SAM) - ViT-B",
    "_idModelFamily": "SAM",
    "paramsMillions": 94.7,
    "supportedRuntimes": [
        "PyTorch"
    ],
    "recommendedRuntime": [
        "PyTorch"
    ],
    "benchmarkResults": [
        {
            "benchmarkDataset": "COCO",
            "metric": "mAP@50",
            "value": 62.9,
            "splitType": "val"
        },
        {
            "benchmarkDataset": "COCO",
            "metric": "mAP@75",
            "value": 46.7,
            "splitType": "val"
        }
    ],
    "runtimeResults": [
        {
            "runtime": "PyTorch",
            "latency": 2.9,
            "batchSize": 1,
            "computeInstance": "NVIDIA A100",
            "computeType": "GPU",
            "CPUType": "null",
            "numCPUCores": -1,
            "memory": -1,
            "GPUType": "A100",
            "numGPU": 1
        }
    ]
}