{
    "modelKey": "SAM-ViT-L",
    "modelName": "Segment Anything Model (SAM) - ViT-L",
    "_idModelFamily": "SAM",
    "paramsMillions": 308,
    "supportedRuntimes": [
        "PyTorch"
    ],
    "recommendedRuntime": [
        "PyTorch"
    ],
    "benchmarkResults": [
        {
            "benchmarkDataset": "COCO",
            "metric": "mAP@50",
            "value": 66.2,
            "splitType": "val"
        },
        {
            "benchmarkDataset": "COCO",
            "metric": "mAP@75",
            "value": 49.5,
            "splitType": "val"
        }
    ],
    "runtimeResults": [
        {
            "runtime": "PyTorch",
            "latency": 5.4,
            "batchSize": 1,
            "computeInstance": "NVIDIA A100",
            "computeType": "GPU",
            "CPUType": "null",
            "numCPUCores": -1,
            "memory": -1,
            "GPUType": "A100",
            "numGPU": 1
        }
    ]
}