{
    "modelKey": "resnet34",
    "modelName": "ResNet-34",
    "paramsMillions": 21.5,
    "supportedRuntimes": [
        "PyTorch",
        "TensorFlow",
        "ONNX",
        "OpenVINO",
        "TensorRT"
    ],
    "recommendedRuntime": [
        "ONNX",
        "TensorRT"
    ],
    "benchmarkResults": [
        {
            "benchmarkDataset": "ImageNet",
            "metric": "acc@1",
            "value": 73.3,
            "splitType": "test"
        }
    ],
    "runtimeResults": [
        {
            "runtime": "PyTorch",
            "latency": 2.272,
            "throughput": 0,
            "batchSize": 1,
            "computeInstance": "",
            "computeType": "GPU",
            "CPUType": "null",
            "numCPUCores": -1,
            "memory": -1,
            "GPUType": "V100",
            "numGPU": 1
        }
    ]
}