{
    "modelKey": "densenet201",
    "modelName": "DenseNet201",
    "paramsMillions": 20.0,
    "supportedRuntimes": [
        "PyTorch",
        "ONNX",
        "OpenVINO"
    ],
    "recommendedRuntime": [
        ""
    ],
    "benchmarkResults": [
        {
            "benchmarkDataset": "ImageNet",
            "metric": "acc@1",
            "value": 76.896,
            "splitType": "test"
        },
        {
            "benchmarkDataset": "ImageNet",
            "metric": "acc@5",
            "value": 93.37,
            "splitType": "test"
        }
    ],
    "runtimeResults": [
        {
            "runtime": "PyTorch",
            "latency": 84.57,
            "batchSize": 1,
            "computeInstance": "",
            "computeType": "GPU",
            "CPUType": "null",
            "numCPUCores": -1,
            "memory": -1,
            "GPUType": "Titan Xp",
            "numGPU": 1
        }
    ]
}