{
    "modelFamily": "DenseNet",
    "modelInputs": "image",
    "modelOutputs": "classification",
    "models": [
        {
            "modelKey": "densenet121",
            "modelName": "DenseNet121"
        },
        {
            "modelKey": "densenet161",
            "modelName": "DenseNet161"
        },
        {
            "modelKey": "densenet169",
            "modelName": "DenseNet169"
        },
        {
            "modelKey": "densenet201",
            "modelName": "DenseNet201"
        }
    ],
    "description": "DenseNet is a deep convolutional neural network architecture that\n                    connects each layer to every other layer in a feedforward fashion.\n                    It is known for its dense connectivity pattern, which enhances\n                    feature reuse and network efficiency.",
    "trainingFramework": "PyTorch",
    "supportedRuntimes": [
        "PyTorch",
        "TensorFlow",
        "ONNX",
        "OpenVINO"
    ],
    "benchmarkDatasets": [
        "ImageNet"
    ],
    "supportedMetrics": [
        "acc@1",
        "acc@5",
        "f1_score",
        "recall",
        "precision",
        "specificity"
    ],
    "pruningSupport": true,
    "codeRepository": "https://github.com/pytorch/vision/blob/main/torchvision/models/densenet.py",
    "trainingDockerContainer": [
        "pytorch/pytorch"
    ],
    "dataProcessing": {
        "inputFormat": "ImageNet",
        "dataLoaderClassDefinition": "null",
        "dataLoaderCallSignature": "DataLoader(source_path, dest_path, **kwargs)"
    },
    "references": [
        "https://arxiv.org/abs/1608.06993"
    ],
    "isPrivate": false,
    "projectId": ""
}