{
    "modelFamily": "Inception V3",
    "modelInputs": "image",
    "modelOutputs": "classification",
    "models": [
        {
            "modelKey": "inception_v3",
            "modelName": "InceptionV3"
        }
    ],
    "description": "InceptionV3, also known as GoogleNet V3, is a deep convolutional neural network\n                    architecture that was the winner of the ImageNet Large Scale Visual Recognition\n                    Challenge in 2015. It builds upon the InceptionV1 and InceptionV2 architectures\n                    and incorporates various improvements for image classification tasks.",
    "trainingFramework": "PyTorch",
    "supportedRuntimes": [
        "PyTorch",
        "TensorFlow",
        "ONNX",
        "OpenVINO"
    ],
    "benchmarkDatasets": [
        "ImageNet"
    ],
    "supportedMetrics": [
        "acc@1",
        "acc@5",
        "f1_score",
        "recall",
        "precision",
        "specificity"
    ],
    "pruningSupport": false,
    "codeRepository": "https://github.com/tensorflow/models/blob/master/research/slim/nets/inception_v3",
    "trainingDockerContainer": [
        "pytorch/pytorch"
    ],
    "dataProcessing": {
        "inputFormat": "ImageNet",
        "dataLoaderClassDefinition": "null",
        "dataLoaderCallSignature": "DataLoader(source_path, dest_path, **kwargs)"
    },
    "references": [
        "https://arxiv.org/abs/1512.00567"
    ],
    "isPrivate": false,
    "projectId": ""
}