{
    "modelKey": "efficientnet_v2_s",
    "modelName": "EfficientNetV2 Small",
    "paramsMillions": 21.5,
    "supportedRuntimes": [
        "PyTorch",
        "ONNX",
        "OpenVINO"
    ],
    "recommendedRuntime": [
        ""
    ],
    "benchmarkResults": [
        {
            "benchmarkDataset": "ImageNet",
            "metric": "acc@1",
            "value": 84.228,
            "splitType": "test"
        },
        {
            "benchmarkDataset": "ImageNet",
            "metric": "acc@5",
            "value": 96.878,
            "splitType": "test"
        }
    ],
    "runtimeResults": [
        {
            "runtime": "PyTorch",
            "latency": 24,
            "batchSize": 1,
            "computeInstance": "",
            "computeType": "GPU",
            "CPUType": "null",
            "numCPUCores": -1,
            "memory": -1,
            "GPUType": "V100",
            "numGPU": 1
        }
    ]
}