{
    "modelKey": "googleowlvit-base-patch32",
    "modelName": "google/owlvit-base-patch32",
    "paramsMillions": 86,
    "supportedRuntimes": [
        "PyTorch"
    ],
    "recommendedRuntime": [
        "PyTorch"
    ],
    "benchmarkResults": [
        {
            "benchmarkDataset": "COCO",
            "metric": "mAP@50",
            "value": 37.8,
            "splitType": "val"
        },
        {
            "benchmarkDataset": "COCO",
            "metric": "mAP@75",
            "value": 18.3,
            "splitType": "val"
        },
        {
            "benchmarkDataset": "COCO",
            "metric": "mAP@50",
            "value": 19.6,
            "splitType": "val"
        }
    ],
    "runtimeResults": [
        {
            "runtime": "PyTorch",
            "latency": 16.2,
            "batchSize": 1,
            "computeInstance": "",
            "computeType": "GPU",
            "CPUType": "null",
            "numCPUCores": -1,
            "memory": -1,
            "GPUType": "A100",
            "numGPU": 1
        }
    ]
}