{
    "modelFamily": "ShuffleNet",
    "modelInputs": "image",
    "modelOutputs": "classification",
    "models": [
        {
            "modelKey": "shufflenet_v2_x0_5",
            "modelName": "ShuffleNetV2 x0.5"
        },
        {
            "modelKey": "shufflenet_v2_x1_0",
            "modelName": "ShuffleNetV2 x1.0"
        },
        {
            "modelKey": "shufflenet_v2_x1_5",
            "modelName": "ShuffleNetV2 x1.5"
        },
        {
            "modelKey": "shufflenet_v2_x2_0",
            "modelName": "ShuffleNetV2 x2.0"
        }
    ],
    "description": "ShuffleNet is a family of lightweight convolutional neural network architectures\n                    designed for efficient and low-latency image classification. ShuffleNetV2 variants\n                    incorporate channel shuffle operations to reduce computation cost while maintaining\n                    performance.",
    "trainingFramework": "PyTorch",
    "supportedRuntimes": [
        "PyTorch",
        "TensorFlow",
        "ONNX",
        "OpenVINO"
    ],
    "benchmarkDatasets": [
        "ImageNet"
    ],
    "supportedMetrics": [
        "acc@1",
        "acc@5",
        "f1_score",
        "recall",
        "precision",
        "specificity"
    ],
    "pruningSupport": false,
    "codeRepository": "https://github.com/tensorflow/models/blob/master/research/slim/nets/shufflenet",
    "trainingDockerContainer": [
        "pytorch/pytorch"
    ],
    "dataProcessing": {
        "inputFormat": "ImageNet",
        "dataLoaderClassDefinition": "null",
        "dataLoaderCallSignature": "DataLoader(source_path, dest_path, **kwargs)"
    },
    "references": [
        "https://arxiv.org/abs/1807.11164"
    ],
    "isPrivate": false,
    "projectId": ""
}