{
    "modelKey": "shufflenet_v2_x1_0",
    "modelName": "ShuffleNetV2 x1.0",
    "paramsMillions": 2.3,
    "supportedRuntimes": [
        "PyTorch",
        "ONNX",
        "OpenVINO"
    ],
    "recommendedRuntime": [
        ""
    ],
    "benchmarkResults": [
        {
            "benchmarkDataset": "ImageNet",
            "metric": "acc@1",
            "value": 69.362,
            "splitType": "test"
        },
        {
            "benchmarkDataset": "ImageNet",
            "metric": "acc@5",
            "value": 88.316,
            "splitType": "test"
        }
    ],
    "runtimeResults": [
        {
            "runtime": "PyTorch",
            "latency": 4.54,
            "batchSize": 1,
            "computeInstance": "",
            "computeType": "GPU",
            "CPUType": "null",
            "numCPUCores": -1,
            "memory": -1,
            "GPUType": "A100",
            "numGPU": 1
        }
    ]
}