{
    "modelKey": "ssd512-vgg16",
    "modelName": "SSD512/VGG16",
    "paramsMillions": 27.8,
    "supportedRuntimes": [
        "PyTorch"
    ],
    "recommendedRuntime": [
        "PyTorch"
    ],
    "benchmarkResults": [
        {
            "benchmarkDataset": "COCO",
            "metric": "mAP@50",
            "value": 46.5,
            "splitType": "val"
        },
        {
            "benchmarkDataset": "COCO",
            "metric": "mAP@75",
            "value": 27.8,
            "splitType": "val"
        },
        {
            "benchmarkDataset": "COCO",
            "metric": "mAP@50",
            "value": 26.8,
            "splitType": "val"
        }
    ],
    "runtimeResults": [
        {
            "runtime": "PyTorch",
            "latency": 36.5,
            "batchSize": 1,
            "computeInstance": "",
            "computeType": "GPU",
            "CPUType": "null",
            "numCPUCores": -1,
            "memory": -1,
            "GPUType": "Titan X",
            "numGPU": 1
        }
    ]
}