{
    "actionType": "export_model",
    "exportFormat": "TensorFlowSavedModel",
    "actionConfig": [
        {
            "keyName": "dynamic",
            "valueType": "bool",
            "defaultValue": false,
            "predefinedValues": [
                true,
                false
            ],
            "anyValue": false,
            "hyperparameter": true,
            "modelKeys": [
                "all"
            ]
        },
        {
            "keyName": "tf_nms",
            "valueType": "bool",
            "defaultValue": false,
            "predefinedValues": [
                true,
                false
            ],
            "anyValue": false,
            "hyperparameter": true,
            "modelKeys": [
                "all"
            ]
        },
        {
            "keyName": "agnostic_nms",
            "valueType": "bool",
            "defaultValue": false,
            "predefinedValues": [
                true,
                false
            ],
            "anyValue": false,
            "hyperparameter": true,
            "modelKeys": [
                "all"
            ]
        },
        {
            "keyName": "topk_per_class",
            "valueType": "int32",
            "defaultValue": 100,
            "predefinedValues": [
                1,
                50,
                100,
                150,
                200,
                250
            ],
            "anyValue": true,
            "hyperparameter": true,
            "modelKeys": [
                "all"
            ]
        },
        {
            "keyName": "topk_all",
            "valueType": "int32",
            "defaultValue": 100,
            "predefinedValues": [
                1,
                50,
                100,
                150,
                200,
                250
            ],
            "anyValue": true,
            "hyperparameter": true,
            "modelKeys": [
                "all"
            ]
        },
        {
            "keyName": "iou_thres",
            "valueType": "float32",
            "defaultValue": 0.45,
            "predefinedValues": [
                0.25,
                0.3,
                0.35,
                0.4,
                0.45,
                0.5
            ],
            "anyValue": true,
            "hyperparameter": true,
            "modelKeys": [
                "all"
            ]
        },
        {
            "keyName": "conf_thres",
            "valueType": "float32",
            "defaultValue": 0.25,
            "predefinedValues": [
                0.1,
                0.15,
                0.2,
                0.25,
                0.3,
                0.35,
                0.4,
                0.45,
                0.5
            ],
            "anyValue": true,
            "hyperparameter": true,
            "modelKeys": [
                "all"
            ]
        },
        {
            "keyName": "keras",
            "valueType": "bool",
            "defaultValue": false,
            "predefinedValues": [
                true,
                false
            ],
            "anyValue": false,
            "hyperparameter": true,
            "modelKeys": [
                "all"
            ]
        }
    ],
    "dockerContainerForAction": {
        "dockerContainer": "285699223019.dkr.ecr.us-west-2.amazonaws.com/yolov8:latest",
        "isGpuRequired": true,
        "cpuType": ""
    },
    "dockerContainerForEvaluation": {
        "dockerContainer": "285699223019.dkr.ecr.us-west-2.amazonaws.com/yolov8:latest",
        "isGpuRequired": true,
        "cpuType": ""
    }
}