{
    "actionType": "export_model",
    "exportFormat": "OpenVINO",
    "actionConfig": [
        {
            "keyName": "int8",
            "valueType": "bool",
            "defaultValue": false,
            "predefinedValues": [
                true,
                false
            ],
            "anyValue": false,
            "hyperparameter": true,
            "modelKeys": [
                "all"
            ]
        },
        {
            "keyName": "half",
            "valueType": "bool",
            "defaultValue": false,
            "predefinedValues": [
                true,
                false
            ],
            "anyValue": false,
            "hyperparameter": true,
            "modelKeys": [
                "all"
            ]
        }
    ],
    "dockerContainerForAction": {
        "dockerContainer": "285699223019.dkr.ecr.us-west-2.amazonaws.com/yolov8:latest",
        "isGpuRequired": true,
        "cpuType": ""
    },
    "dockerContainerForEvaluation": {
        "dockerContainer": "285699223019.dkr.ecr.us-west-2.amazonaws.com/yolov8:latest",
        "isGpuRequired": true,
        "cpuType": ""
    }
}