{
    "_idModelFamily": "yolov8",
    "actionType": "export_model",
    "exportFormat": "ONNX",
    "actionConfig": [
        {
            "keyName": "dynamic",
            "valueType": "bool",
            "defaultValue": false,
            "predefinedValues": [
                true,
                false
            ],
            "anyValue": false,
            "hyperparameter": true,
            "modelKeys": [
                "all"
            ]
        },
        {
            "keyName": "simplify",
            "valueType": "bool",
            "defaultValue": false,
            "predefinedValues": [
                true,
                false
            ],
            "anyValue": false,
            "hyperparameter": true,
            "modelKeys": [
                "all"
            ]
        },
        {
            "keyName": "opset",
            "valueType": "int32",
            "defaultValue": 12,
            "predefinedValues": [
                11,
                12,
                13,
                14,
                15
            ],
            "anyValue": false,
            "hyperparameter": true,
            "modelKeys": [
                "all"
            ]
        }
    ],
    "dockerContainerForAction": {
        "dockerContainer": "285699223019.dkr.ecr.us-west-2.amazonaws.com/yolov8:latest",
        "isGpuRequired": true,
        "cpuType": ""
    },
    "dockerContainerForEvaluation": {
        "dockerContainer": "285699223019.dkr.ecr.us-west-2.amazonaws.com/yolov8:latest",
        "isGpuRequired": true,
        "cpuType": ""
    }
}