{
    "actionType": "train_model",
    "actionConfig": [
        {
            "keyName": "batch",
            "valueType": "int32",
            "defaultValue": 16,
            "predefinedValues": [
                1,
                2,
                4,
                8,
                16,
                32,
                64,
                128,
                256,
                512
            ],
            "minValue": 1,
            "maxValue": 1024,
            "anyValue": true,
            "hyperparameter": true,
            "modelKeys": [
                "all"
            ]
        },
        {
            "keyName": "epochs",
            "valueType": "int32",
            "defaultValue": 50,
            "predefinedValues": [
                10,
                20,
                30,
                40,
                50,
                60,
                70,
                80,
                90,
                100,
                125,
                150,
                175,
                200
            ],
            "minValue": 5,
            "maxValue": 300,
            "anyValue": true,
            "hyperparameter": true,
            "modelKeys": [
                "all"
            ]
        },
        {
            "keyName": "learning_rate",
            "valueType": "float32",
            "defaultValue": 0.001,
            "predefinedValues": [
                1e-05,
                0.0001,
                0.001,
                0.01,
                0.02,
                0.05,
                0.1
            ],
            "minValue": 1e-05,
            "maxValue": 0.5,
            "anyValue": true,
            "hyperparameter": true,
            "modelKeys": [
                "all"
            ]
        },
        {
            "keyName": "momentum",
            "valueType": "float32",
            "defaultValue": 0.95,
            "predefinedValues": [
                0.9,
                0.91,
                0.92,
                0.93,
                0.94,
                0.95,
                0.96,
                0.97,
                0.98,
                0.99,
                0.995
            ],
            "minValue": 0.8,
            "maxValue": 0.995,
            "anyValue": true,
            "hyperparameter": true,
            "modelKeys": [
                "all"
            ]
        },
        {
            "keyName": "weight_decay",
            "valueType": "float64",
            "defaultValue": 0.0005,
            "predefinedValues": [
                0.0005,
                0.0001,
                0.001,
                0.0002
            ],
            "minValue": 0,
            "maxValue": 0.1,
            "anyValue": true,
            "hyperparameter": true,
            "modelKeys": [
                "all"
            ]
        },
        {
            "keyName": "optimizer",
            "valueType": "bool",
            "defaultValue": "auto",
            "predefinedValues": [
                "SGD",
                "Adam",
                "Adamax",
                "AdamW",
                "NAdam",
                "RAdam",
                "RMSProp",
                "auto"
            ],
            "anyValue": false,
            "hyperparameter": true,
            "modelKeys": [
                "all"
            ]
        },
        {
            "keyName": "cos_lr",
            "valueType": "bool",
            "defaultValue": false,
            "predefinedValues": [
                true,
                false
            ],
            "anyValue": false,
            "hyperparameter": true,
            "modelKeys": [
                "all"
            ]
        }
    ],
    "dockerContainerForAction": {
        "dockerContainer": "285699223019.dkr.ecr.us-west-2.amazonaws.com/yolov8:latest",
        "isGpuRequired": true,
        "cpuType": ""
    },
    "dockerContainerForEvaluation": {
        "dockerContainer": "285699223019.dkr.ecr.us-west-2.amazonaws.com/yolov8:latest",
        "isGpuRequired": true,
        "cpuType": ""
    }
}