{
    "modelKey": "yolov8s",
    "modelName": "YOLOv8 Small",
    "paramsMillions": 11.2,
    "recommendedRuntime": [
        "ONNX",
        "TensorRT"
    ],
    "benchmarkResults": [
        {
            "benchmarkDataset": "COCO",
            "metric": "mAP",
            "value": 44.9,
            "splitType": "val"
        }
    ],
    "runtimeResults": [
        {
            "runtime": "ONNX",
            "latency": 128.4,
            "throughput": 324.71,
            "batchSize": 1,
            "computeInstance": "AWS EC2 P4d",
            "computeType": "CPU",
            "CPUType": "null",
            "numCPUCores": -1,
            "memory": -1,
            "GPUType": "A100",
            "numGPU": 1
        },
        {
            "runtime": "TensorRT",
            "latency": 1.2,
            "batchSize": 1,
            "computeInstance": "AWS EC2 P4d",
            "computeType": "GPU",
            "CPUType": "null",
            "numCPUCores": -1,
            "memory": -1,
            "GPUType": "A100",
            "numGPU": 1
        }
    ]
}