{
    "modelKey": "vit_h_14",
    "modelName": "ViT-H/14",
    "paramsMillions": 633.5,
    "supportedRuntimes": [
        "PyTorch",
        "ONNX",
        "OpenVINO"
    ],
    "recommendedRuntime": [
        ""
    ],
    "benchmarkResults": [
        {
            "benchmarkDataset": "ImageNet",
            "metric": "acc@1",
            "value": 88.552,
            "splitType": "test"
        },
        {
            "benchmarkDataset": "ImageNet",
            "metric": "acc@5",
            "value": 98.694,
            "splitType": "test"
        }
    ],
    "runtimeResults": []
}