{
    "modelKey": "efficientnet_b4",
    "modelName": "EfficientNet B4",
    "paramsMillions": 19.3,
    "supportedRuntimes": [
        "PyTorch",
        "ONNX",
        "OpenVINO"
    ],
    "recommendedRuntime": [
        ""
    ],
    "benchmarkResults": [
        {
            "benchmarkDataset": "ImageNet",
            "metric": "acc@1",
            "value": 83.384,
            "splitType": "test"
        },
        {
            "benchmarkDataset": "ImageNet",
            "metric": "acc@5",
            "value": 96.594,
            "splitType": "test"
        }
    ],
    "runtimeResults": [
        {
            "runtime": "PyTorch",
            "latency": 7.609,
            "batchSize": 1,
            "computeInstance": "",
            "computeType": "GPU",
            "CPUType": "null",
            "numCPUCores": -1,
            "memory": -1,
            "GPUType": "V100",
            "numGPU": 1
        }
    ]
}