{
    "modelFamily": "SqueezeNet",
    "modelInputs": "image",
    "modelOutputs": "classification",
    "models": [
        {
            "modelKey": "squeezenet1_0",
            "modelName": "SqueezeNet1.0"
        },
        {
            "modelKey": "squeezenet1_1",
            "modelName": "SqueezeNet1.1"
        }
    ],
    "description": "SqueezeNet is a family of lightweight convolutional neural network architectures\n                    designed for image classification with a focus on model size reduction. Both\n                    SqueezeNet1.0 and SqueezeNet1.1 aim to achieve high accuracy with significantly\n                    fewer parameters compared to traditional architectures.",
    "trainingFramework": "PyTorch",
    "supportedRuntimes": [
        "PyTorch",
        "TensorFlow",
        "ONNX",
        "OpenVINO"
    ],
    "benchmarkDatasets": [
        "ImageNet"
    ],
    "supportedMetrics": [
        "acc@1",
        "acc@5",
        "f1_score",
        "recall",
        "precision",
        "specificity"
    ],
    "pruningSupport": false,
    "codeRepository": "https://github.com/pytorch/vision/blob/main/torchvision/models/squeezenet.py",
    "trainingDockerContainer": [
        "pytorch/pytorch"
    ],
    "dataProcessing": {
        "inputFormat": "ImageNet",
        "dataLoaderClassDefinition": "null",
        "dataLoaderCallSignature": "DataLoader(source_path, dest_path, **kwargs)"
    },
    "references": [
        "https://arxiv.org/abs/1602.07360"
    ],
    "isPrivate": false,
    "projectId": ""
}