{
    "modelKey": "squeezenet1_1",
    "modelName": "SqueezeNet1.1",
    "paramsMillions": 1.2,
    "supportedRuntimes": [
        "PyTorch",
        "ONNX",
        "OpenVINO"
    ],
    "recommendedRuntime": [
        ""
    ],
    "benchmarkResults": [
        {
            "benchmarkDataset": "ImageNet",
            "metric": "acc@1",
            "value": 58.178,
            "splitType": "test"
        },
        {
            "benchmarkDataset": "ImageNet",
            "metric": "acc@5",
            "value": 80.624,
            "splitType": "test"
        }
    ],
    "runtimeResults": []
}