{
    "modelKey": "squeezenet1_0",
    "modelName": "SqueezeNet1.0",
    "paramsMillions": 1.2,
    "supportedRuntimes": [
        "PyTorch",
        "ONNX",
        "OpenVINO"
    ],
    "recommendedRuntime": [
        ""
    ],
    "benchmarkResults": [
        {
            "benchmarkDataset": "ImageNet",
            "metric": "acc@1",
            "value": 58.092,
            "splitType": "test"
        },
        {
            "benchmarkDataset": "ImageNet",
            "metric": "acc@5",
            "value": 80.42,
            "splitType": "test"
        }
    ],
    "runtimeResults": [
        {
            "runtime": "PyTorch",
            "latency": 4.5,
            "batchSize": 1,
            "computeInstance": "",
            "computeType": "GPU",
            "CPUType": "null",
            "numCPUCores": -1,
            "memory": -1,
            "GPUType": "V100",
            "numGPU": 1
        }
    ]
}