{
    "modelFamily": "MobileNet",
    "modelInputs": "image",
    "modelOutputs": "classification",
    "models": [
        {
            "modelKey": "mobilenet_v2",
            "modelName": "MobileNetV2"
        },
        {
            "modelKey": "mobilenet_v3_large",
            "modelName": "MobileNetV3 (Large)"
        },
        {
            "modelKey": "mobilenet_v3_small",
            "modelName": "MobileNetV3 (Small)"
        }
    ],
    "description": "The MobileNet family consists of lightweight deep neural network architectures\n                    designed for mobile and edge devices. MobileNetV2 and MobileNetV3 (Large and Small)\n                    are optimized for efficiency and performance, making them suitable for deployment\n                    in resource-constrained environments.",
    "trainingFramework": "PyTorch",
    "supportedRuntimes": [
        "PyTorch",
        "TensorFlow",
        "ONNX",
        "OpenVINO"
    ],
    "benchmarkDatasets": [
        "ImageNet"
    ],
    "supportedMetrics": [
        "acc@1",
        "acc@5",
        "f1_score",
        "recall",
        "precision",
        "specificity"
    ],
    "pruningSupport": false,
    "codeRepository": "https://github.com/tensorflow/models/blob/master/research/slim/nets/mobilenet",
    "trainingDockerContainer": [
        "pytorch/pytorch"
    ],
    "dataProcessing": {
        "inputFormat": "ImageNet",
        "dataLoaderClassDefinition": "null",
        "dataLoaderCallSignature": "DataLoader(source_path, dest_path, **kwargs)"
    },
    "references": [
        "MobileNetV2: https://arxiv.org/abs/1801.04381",
        "MobileNetV3: https://arxiv.org/abs/1905.02244"
    ],
    "isPrivate": false
}