{
    "modelFamily": "GoogleNet",
    "modelInputs": "image",
    "modelOutputs": "classification",
    "models": [
        {
            "modelKey": "googlenet",
            "modelName": "GoogleNet (Inception)"
        }
    ],
    "description": "GoogleNet, also known as Inception, is a deep convolutional neural network\n                    architecture that was the winner of the ImageNet Large Scale Visual\n                    Recognition Challenge in 2014. It is characterized by the use of inception\n                    modules, which allow for efficient computation and learning of features at\n                    various scales.",
    "trainingFramework": "PyTorch",
    "supportedRuntimes": [
        "PyTorch",
        "TensorFlow",
        "ONNX",
        "OpenVINO"
    ],
    "benchmarkDatasets": [
        "ImageNet"
    ],
    "supportedMetrics": [
        "acc@1",
        "acc@5",
        "f1_score",
        "recall",
        "precision",
        "specificity"
    ],
    "pruningSupport": false,
    "codeRepository": "https://github.com/tensorflow/models/blob/master/research/inception",
    "trainingDockerContainer": [
        "pytorch/pytorch"
    ],
    "dataProcessing": {
        "inputFormat": "ImageNet",
        "dataLoaderClassDefinition": "null",
        "dataLoaderCallSignature": "DataLoader(source_path, dest_path, **kwargs)"
    },
    "references": [
        "https://arxiv.org/abs/1409.4842"
    ],
    "isPrivate": false,
    "projectId": ""
}