{
    "modelKey": "retinanet-resnet50-fpn",
    "modelName": "RetinaNet/Resnet50-FPN",
    "paramsMillions": 34.09,
    "supportedRuntimes": [
        "PyTorch"
    ],
    "recommendedRuntime": [
        "PyTorch"
    ],
    "benchmarkResults": [
        {
            "benchmarkDataset": "COCO",
            "metric": "mAP@50",
            "value": 59.1,
            "splitType": "val"
        },
        {
            "benchmarkDataset": "COCO",
            "metric": "mAP@75",
            "value": 42.3,
            "splitType": "val"
        },
        {
            "benchmarkDataset": "COCO",
            "metric": "mAP",
            "value": 39.1,
            "splitType": "val"
        }
    ],
    "runtimeResults": [
        {
            "runtime": "PyTorch",
            "latency": 36.5,
            "batchSize": 1,
            "computeInstance": "",
            "computeType": "GPU",
            "CPUType": "null",
            "numCPUCores": -1,
            "memory": -1,
            "GPUType": "A100",
            "numGPU": 1
        }
    ]
}