{
    "modelFamily": "WideResNet",
    "modelInputs": "image",
    "modelOutputs": "classification",
    "models": [
        {
            "modelKey": "wide_resnet101_2",
            "modelName": "Wide ResNet101-2"
        },
        {
            "modelKey": "wide_resnet50_2",
            "modelName": "Wide ResNet50-2"
        }
    ],
    "description": "Wide ResNet is a variant of the ResNet architecture with increased width,\n                    which means a larger number of channels. This modification enhances the\n                    representational power of the network and can lead to improved performance\n                    on certain tasks.",
    "trainingFramework": "PyTorch",
    "supportedRuntimes": [
        "PyTorch",
        "TensorFlow",
        "ONNX",
        "OpenVINO"
    ],
    "benchmarkDatasets": [
        "ImageNet"
    ],
    "supportedMetrics": [
        "acc@1",
        "acc@5",
        "f1_score",
        "recall",
        "precision",
        "specificity"
    ],
    "pruningSupport": false,
    "codeRepository": "https://github.com/pytorch/vision/blob/main/torchvision/models/wide_resnet.py",
    "trainingDockerContainer": [
        "pytorch/pytorch"
    ],
    "dataProcessing": {
        "inputFormat": "ImageNet",
        "dataLoaderClassDefinition": "null",
        "dataLoaderCallSignature": "DataLoader(source_path, dest_path, **kwargs)"
    },
    "references": [
        "https://arxiv.org/abs/1605.07146"
    ],
    "isPrivate": false,
    "projectId": ""
}