{
    "modelKey": "wide_resnet50_2",
    "modelName": "Wide ResNet50-2",
    "paramsMillions": 68.9,
    "supportedRuntimes": [
        "PyTorch",
        "ONNX",
        "OpenVINO"
    ],
    "recommendedRuntime": [
        ""
    ],
    "benchmarkResults": [
        {
            "benchmarkDataset": "ImageNet",
            "metric": "acc@1",
            "value": 78.468,
            "splitType": "test"
        },
        {
            "benchmarkDataset": "ImageNet",
            "metric": "acc@5",
            "value": 94.086,
            "splitType": "test"
        }
    ],
    "runtimeResults": []
}