{
    "modelKey": "wide_resnet101_2",
    "modelName": "Wide ResNet101-2",
    "paramsMillions": 126.9,
    "supportedRuntimes": [
        "PyTorch",
        "ONNX",
        "OpenVINO"
    ],
    "recommendedRuntime": [
        ""
    ],
    "benchmarkResults": [
        {
            "benchmarkDataset": "ImageNet",
            "metric": "acc@1",
            "value": 78.848,
            "splitType": "test"
        },
        {
            "benchmarkDataset": "ImageNet",
            "metric": "acc@5",
            "value": 94.284,
            "splitType": "test"
        }
    ],
    "runtimeResults": []
}