{
    "actionType": "export_model",
    "exportFormat": "TensorRT",
    "actionConfig": [
        {
            "keyName": "max_batch_size",
            "valueType": "int",
            "defaultValue": 1,
            "predefinedValues": [],
            "anyValue": true,
            "hyperparameter": true,
            "minValue": 1,
            "maxValue": 64,
            "modelKeys": [
                "all"
            ]
        },
        {
            "keyName": "fp16_mode",
            "valueType": "bool",
            "defaultValue": false,
            "predefinedValues": [
                true,
                false
            ],
            "anyValue": false,
            "hyperparameter": true,
            "minValue": 0,
            "maxValue": 0,
            "modelKeys": [
                "all"
            ]
        },
        {
            "keyName": "int8_mode",
            "valueType": "bool",
            "defaultValue": false,
            "predefinedValues": [
                true,
                false
            ],
            "anyValue": false,
            "hyperparameter": true,
            "minValue": 0,
            "maxValue": 0,
            "modelKeys": [
                "all"
            ]
        }
    ],
    "isPrivateDocker": false,
    "dockerInformation": {
        "accessKey": "",
        "secretKey": "",
        "region": ""
    },
    "dockerContainerForAction": {
        "dockerContainer": "285699223019.dkr.ecr.us-west-2.amazonaws.com/tensorrt-vision:latest",
        "isGpuRequired": true,
        "cpuType": ""
    },
    "dockerContainerForEvaluation": {
        "dockerContainer": "285699223019.dkr.ecr.us-west-2.amazonaws.com/tensorrt-vision:latest",
        "isGpuRequired": true,
        "cpuType": ""
    }
}