{
    "modelKey": "fcos-resnet50-fpn",
    "modelName": "FCOS with ResNet-50-FPN",
    "_idModelFamily": "FCOS",
    "paramsMillions": 32.9,
    "supportedRuntimes": [
        "PyTorch",
        "ONNX"
    ],
    "recommendedRuntime": [
        "PyTorch"
    ],
    "benchmarkResults": [
        {
            "benchmarkDataset": "COCO",
            "metric": "AP@50",
            "value": 37.8,
            "splitType": "val"
        },
        {
            "benchmarkDataset": "COCO",
            "metric": "AP@50",
            "value": 56.6,
            "splitType": "val"
        },
        {
            "benchmarkDataset": "COCO",
            "metric": "AP@75",
            "value": 39.8,
            "splitType": "val"
        }
    ],
    "runtimeResults": [
        {
            "runtime": "PyTorch",
            "latency": 30,
            "batchSize": 1,
            "computeInstance": "",
            "computeType": "GPU",
            "CPUType": "null",
            "numCPUCores": -1,
            "memory": -1,
            "GPUType": "V100",
            "numGPU": 1
        }
    ]
}