{
    "_idModelFamily": "FCOS",
    "actionType": "train_model",
    "actionConfig": [
        {
            "keyName": "batch_size",
            "valueType": "int32",
            "defaultValue": 16,
            "predefinedValues": [
                1,
                2,
                4,
                8,
                16,
                32,
                64
            ],
            "minValue": 1,
            "maxValue": 1024,
            "anyValue": true,
            "hyperparameter": true,
            "modelKeys": [
                "all"
            ]
        },
        {
            "keyName": "epochs",
            "valueType": "int32",
            "defaultValue": 24,
            "predefinedValues": [
                10,
                20,
                30,
                40,
                50,
                60,
                70,
                80,
                90,
                100,
                125,
                150,
                175,
                200
            ],
            "minValue": 5,
            "maxValue": 300,
            "anyValue": true,
            "hyperparameter": true,
            "modelKeys": [
                "all"
            ]
        },
        {
            "keyName": "learning_rate",
            "valueType": "float32",
            "defaultValue": 0.01,
            "predefinedValues": [
                1e-05,
                0.0001,
                0.001,
                0.01,
                0.02,
                0.05,
                0.1
            ],
            "minValue": 1e-05,
            "maxValue": 0.5,
            "anyValue": true,
            "hyperparameter": true,
            "modelKeys": [
                "all"
            ]
        },
        {
            "keyName": "momentum",
            "valueType": "float32",
            "defaultValue": 0.9,
            "predefinedValues": [
                0.9,
                0.91,
                0.92,
                0.93,
                0.94,
                0.95,
                0.96,
                0.97,
                0.98,
                0.99,
                0.995
            ],
            "minValue": 0.8,
            "maxValue": 0.995,
            "anyValue": true,
            "hyperparameter": true,
            "modelKeys": [
                "all"
            ]
        },
        {
            "keyName": "weight_decay",
            "valueType": "float64",
            "defaultValue": 0.0001,
            "predefinedValues": [
                0.0001,
                0.001,
                0.0002
            ],
            "minValue": 0,
            "maxValue": 0.1,
            "anyValue": true,
            "hyperparameter": true,
            "modelKeys": [
                "all"
            ]
        },
        {
            "keyName": "optimizer",
            "valueType": "string",
            "defaultValue": "SGD",
            "predefinedValues": [
                "SGD",
                "AdamW",
                "RMSprop"
            ],
            "minValue": 0,
            "maxValue": 0,
            "anyValue": false,
            "hyperparameter": true,
            "modelKeys": [
                "all"
            ]
        },
        {
            "keyName": "lr_scheduler",
            "valueType": "string",
            "defaultValue": "StepLR",
            "predefinedValues": [
                "StepLR",
                "CosineAnnealingLR",
                "ExponentialLR"
            ],
            "minValue": 0,
            "maxValue": 0,
            "anyValue": false,
            "hyperparameter": true,
            "modelKeys": [
                "all"
            ]
        },
        {
            "keyName": "lr_step_size",
            "valueType": "int32",
            "defaultValue": 8,
            "predefinedValues": [
                5,
                10,
                15,
                20,
                25
            ],
            "minValue": 1,
            "maxValue": 50,
            "anyValue": true,
            "hyperparameter": true,
            "modelKeys": [
                "all"
            ]
        },
        {
            "keyName": "lr_gamma",
            "valueType": "float32",
            "defaultValue": 0.1,
            "predefinedValues": [
                0.1,
                0.2,
                0.5,
                0.9,
                0.95
            ],
            "minValue": 0.01,
            "maxValue": 1.0,
            "anyValue": true,
            "hyperparameter": true,
            "modelKeys": [
                "all"
            ]
        }
    ],
    "isPrivateDocker": false,
    "dockerInformation": {
        "accessKey": "",
        "secretKey": "",
        "region": ""
    },
    "dockerContainerForAction": {
        "dockerContainer": "285699223019.dkr.ecr.us-west-2.amazonaws.com/pytorch-vision-coco:latest",
        "isGpuRequired": false,
        "cpuType": ""
    },
    "dockerContainerForEvaluation": {
        "dockerContainer": "285699223019.dkr.ecr.us-west-2.amazonaws.com/pytorch-vision-coco:latest",
        "isGpuRequired": false,
        "cpuType": ""
    }
}