{
    "modelFamily": "AlexNet",
    "modelInputs": "image",
    "modelOutputs": "classification",
    "models": [
        {
            "modelKey": "alexnet",
            "modelName": "AlexNet"
        }
    ],
    "description": "AlexNet is a convolutional neural network architecture designed for image classification. It was one of the pioneering models that demonstrated the effectiveness of deep learning in computer vision tasks.AlexNet won the ImageNet Large Scale Visual Recognition Challenge in 2012.",
    "trainingFramework": "PyTorch",
    "supportedRuntimes": [
        "PyTorch",
        "TensorFlow",
        "ONNX",
        "OpenVINO",
        "TensorRT"
    ],
    "benchmarkDatasets": [
        "ImageNet"
    ],
    "supportedMetrics": [
        "acc@1",
        "acc@5"
    ],
    "pruningSupport": false,
    "codeRepository": "https://github.com/pytorch/vision/blob/main/torchvision/models/alexnet.py",
    "trainingDockerContainer": [
        "pytorch/pytorch"
    ],
    "dataProcessing": {
        "inputFormat": "ImageNet",
        "dataLoaderClassDefinition": "null",
        "dataLoaderCallSignature": "DataLoader(source_path, dest_path, **kwargs)"
    },
    "references": [
        "https://papers.nips.cc/paper/4824-imagenet-classification-with-deep-convolutional-neural-networks.pdf"
    ],
    "isPrivate": false
}